{"episode_reward_max": -68.58458087031549, "episode_reward_min": -196.1641153195862, "episode_reward_mean": -113.31603799209893, "episode_len_mean": 25.0, "episode_media": {}, "episodes_this_iter": 128, "policy_reward_min": {"shared_policy": -65.72137177319541}, "policy_reward_max": {"shared_policy": -22.19486029010517}, "policy_reward_mean": {"shared_policy": -37.77201266403297}, "custom_metrics": {}, "hist_stats": {"episode_reward": [-150.18612417619417, -110.59755098547458, -81.08614062050165, -91.34271754020088, -177.42473604181214, -96.37022489104024, -116.66008018114829, -133.28840724770257, -104.46303139478445, -130.72135272509757, -136.42893743273825, -101.83070544013259, -118.27652357666281, -127.3627581796696, -120.71819526531527, -132.86868747252313, -116.75916219740607, -104.54088807482728, -91.07761143295843, -85.97387162939, -123.63539694953633, -150.06070662650572, -97.59011473514938, -95.04195052626292, -164.4678046065723, -137.68571379109213, -135.23102612375232, -117.28284208529658, -68.58458087031549, -79.14682765266387, -126.30919151908304, -121.05481399818018, -117.62109757400978, -84.35711190287847, -133.62375067566649, -127.75082888159035, -90.96919904833993, -115.2941662338811, -78.45379895977268, -89.30093207946886, -104.78433327917597, -152.44633320095923, -92.32556617264476, -109.5472922637453, -118.49616111574205, -107.81606561524256, -98.53425703857474, -112.92785037482777, -114.78833685984549, -120.77709477105726, -107.80160829329779, -153.0817230216936, -112.54970760618043, -112.31538132198884, -108.24709196508962, -107.9906307549018, -99.3133381606966, -114.84620546445052, -123.26290704164113, -109.01962147127324, -86.25872157241737, -99.20421218732821, -94.49003212378618, -110.30704721641355, -121.95196399696367, -91.46660704460322, -134.77192213762194, -130.23498237609982, -116.08373260333876, -134.77161014193425, -196.1641153195862, -97.63175375472139, -71.7932920049485, -128.76996710467918, -92.16706273729585, -127.32985079149012, -125.53641959450512, -116.46580044509103, -121.49291361424905, -87.47722260103752, -105.94947933394464, -108.18417460873601, -121.85921557149292, -107.76948680391669, -107.08045297096433, -105.89172758766449, -99.05360999375037, -118.54518185927905, -113.1635813212954, -108.21863750193424, -145.28139766196762, -84.93716734524533, -124.97540003048942, -114.19162881643541, -161.33897644476264, -110.81653977663842, -107.58300977472987, -112.50809729287184, -142.24938527474123, -116.64367314139386, -109.0435605732283, -88.14303695507175, -126.0693742066734, -122.69454056168176, -136.7858502414048, -114.57544400890109, -100.59244026860273, -114.89106115374273, -97.79781405416209, -89.7722361265594, -107.41834560797601, -88.88101276444286, -100.4486384621275, -109.70033485436774, -99.11843076300843, -105.72917913736664, -109.99921230665386, -98.05202800616107, -97.29554015187807, -76.00532198699496, -96.26087303941436, -145.14977164433773, -108.26422058718735, -110.09957467324735, -127.04704158759195, -97.76979812497571, -183.91043687368142, -80.01662464822878], "episode_lengths": [25, 25, 25, 25, 25, 25, 25, 25, 25, 25, 25, 25, 25, 25, 25, 25, 25, 25, 25, 25, 25, 25, 25, 25, 25, 25, 25, 25, 25, 25, 25, 25, 25, 25, 25, 25, 25, 25, 25, 25, 25, 25, 25, 25, 25, 25, 25, 25, 25, 25, 25, 25, 25, 25, 25, 25, 25, 25, 25, 25, 25, 25, 25, 25, 25, 25, 25, 25, 25, 25, 25, 25, 25, 25, 25, 25, 25, 25, 25, 25, 25, 25, 25, 25, 25, 25, 25, 25, 25, 25, 25, 25, 25, 25, 25, 25, 25, 25, 25, 25, 25, 25, 25, 25, 25, 25, 25, 25, 25, 25, 25, 25, 25, 25, 25, 25, 25, 25, 25, 25, 25, 25, 25, 25, 25, 25, 25, 25], "policy_shared_policy_reward": [-50.06204139206472, -50.06204139206472, -50.06204139206472, -36.865850328491526, -36.865850328491526, -36.865850328491526, -27.02871354016721, -27.02871354016721, -27.02871354016721, -30.94757251340031, -29.94757251340031, -30.44757251340031, -59.4749120139374, -58.4749120139374, -59.4749120139374, -32.45674163034675, -32.45674163034675, -31.45674163034675, -39.05336006038276, -39.05336006038276, -38.55336006038276, -44.42946908256755, -44.42946908256755, -44.42946908256755, -34.82101046492814, -34.82101046492814, -34.82101046492814, -43.57378424169918, -43.57378424169918, -43.57378424169918, -45.64297914424609, -45.64297914424609, -45.14297914424609, -33.94356848004418, -33.94356848004418, -33.94356848004418, -39.42550785888762, -39.42550785888762, -39.42550785888762, -42.95425272655651, -41.95425272655651, -42.45425272655651, -40.239398421771746, -40.239398421771746, -40.239398421771746, -44.62289582417439, -43.62289582417439, -44.62289582417439, -38.91972073246868, -38.91972073246868, -38.91972073246868, -35.1802960249424, -34.1802960249424, -35.1802960249424, -30.359203810986145, -30.359203810986145, -30.359203810986145, -28.657957209796653, -28.657957209796653, -28.657957209796653, -41.211798983178774, -41.211798983178774, -41.211798983178774, -50.85356887550191, -48.3535688755019, -50.85356887550191, -32.530038245049795, -32.530038245049795, -32.530038245049795, -31.68065017542098, -31.68065017542098, -31.68065017542098, -54.822601535524086, -54.822601535524086, -54.822601535524086, -45.89523793036404, -45.89523793036404, -45.89523793036404, -44.41034204125077, -45.41034204125077, -45.41034204125077, -39.09428069509886, -39.09428069509886, -39.09428069509886, -23.19486029010517, -23.19486029010517, -22.19486029010517, -26.382275884221293, -26.382275884221293, -26.382275884221293, -41.76973050636099, -42.76973050636099, -41.76973050636099, -40.68493799939339, -40.68493799939339, -39.68493799939339, -39.207032524669906, -39.207032524669906, -39.207032524669906, -28.119037300959477, -28.119037300959477, -28.119037300959477, -45.04125022522217, -43.54125022522217, -45.04125022522217, -42.58360962719677, -42.58360962719677, -42.58360962719677, -30.32306634944662, -30.32306634944662, -30.32306634944662, -38.098055411293714, -38.598055411293714, -38.598055411293714, -25.151266319924236, -26.651266319924236, -26.651266319924236, -29.76697735982295, -29.76697735982295, -29.76697735982295, -34.92811109305864, -34.92811109305864, -34.92811109305864, -50.148777733653084, -51.148777733653084, -51.148777733653084, -30.775188724214924, -30.775188724214924, -30.775188724214924, -36.84909742124844, -35.84909742124844, -36.84909742124844, -39.49872037191402, -39.49872037191402, -39.49872037191402, -36.10535520508084, -36.10535520508084, -35.60535520508084, -33.178085679524905, -32.178085679524905, -33.178085679524905, -36.97595012494258, -37.975950124942585, -37.975950124942585, -38.59611228661517, -38.59611228661517, -37.59611228661517, -39.59236492368574, -40.59236492368574, -40.59236492368574, -35.93386943109928, -35.93386943109928, -35.93386943109928, -51.19390767389789, -51.19390767389789, -50.69390767389789, -38.18323586872682, -36.18323586872682, -38.18323586872682, -37.43846044066293, -37.43846044066293, -37.43846044066293, -36.08236398836318, -36.08236398836318, -36.08236398836318, -35.99687691830057, -35.99687691830057, -35.99687691830057, -33.10444605356552, -33.10444605356552, -33.10444605356552, -38.2820684881502, -38.2820684881502, -38.2820684881502, -41.75430234721372, -41.75430234721372, -39.75430234721372, -36.33987382375774, -36.33987382375774, -36.33987382375774, -28.752907190805782, -28.752907190805782, -28.752907190805782, -33.068070729109415, -33.068070729109415, -33.068070729109415, -31.830010707928725, -31.830010707928725, -30.830010707928725, -36.435682405471184, -36.935682405471184, -36.935682405471184, -40.65065466565457, -40.65065466565457, -40.65065466565457, -30.65553568153443, -30.65553568153443, -30.15553568153443, -44.923974045873955, -44.923974045873955, -44.923974045873955, -43.411660792033295, -43.411660792033295, -43.411660792033295, -38.36124420111293, -38.86124420111293, -38.86124420111293, -44.75720338064479, -44.25720338064479, -45.75720338064479, -64.72137177319541, -65.72137177319541, -65.72137177319541, -30.877251251573806, -33.377251251573796, 